epoch,time,train/box_loss,train/cls_loss,train/dfl_loss,metrics/precision(B),metrics/recall(B),metrics/mAP50(B),metrics/mAP50-95(B),val/box_loss,val/cls_loss,val/dfl_loss,lr/pg0,lr/pg1,lr/pg2
1,2.12113,1.47162,2.94951,1.72729,0.00383,1,0.54555,0.3356,1.18454,3.03014,1.5242,0.00034,0.00034,0.00034
2,3.98709,1.28664,2.34587,1.54761,0.12563,0.73913,0.37991,0.18237,1.62741,3.02824,2.02683,0.00069769,0.00069769,0.00069769
3,5.86127,1.36259,2.42548,1.61685,0.58573,0.34783,0.44244,0.14881,1.92272,3.20635,2.5101,0.001053,0.001053,0.001053
4,7.7068,1.37799,2.21739,1.63429,0.23656,0.3913,0.31551,0.11311,1.8652,3.36835,2.62465,0.00140594,0.00140594,0.00140594
5,9.5418,1.4526,2.3296,1.6809,0.28567,0.43478,0.23992,0.05064,2.87355,7.87211,4.24388,0.0017565,0.0017565,0.0017565
6,11.4366,1.50935,2.27359,1.74081,0.19447,0.23126,0.1724,0.04427,2.85193,14.3538,5.63682,0.001967,0.001967,0.001967
7,13.2954,1.51766,2.23359,1.72122,0.03595,0.21739,0.01892,0.00443,3.59148,52.921,7.89347,0.0019604,0.0019604,0.0019604
8,15.0973,1.52469,2.15033,1.76452,0.13156,0.08696,0.07163,0.02014,3.28063,5.96894,4.1191,0.0019538,0.0019538,0.0019538
9,16.9306,1.53251,2.04949,1.7488,0.16379,0.13043,0.13977,0.04058,2.78549,8.14398,3.88866,0.0019472,0.0019472,0.0019472
10,18.7385,1.44779,1.87339,1.69392,0.51498,0.56522,0.51701,0.17214,2.17066,3.87122,2.67287,0.0019406,0.0019406,0.0019406
11,20.5427,1.41465,1.82407,1.67795,0.2852,0.47826,0.3873,0.12035,2.32684,3.6406,3.00567,0.001934,0.001934,0.001934
12,22.4059,1.38759,1.79733,1.6275,0.31125,0.56522,0.32716,0.09983,2.6685,2.1014,3.03111,0.0019274,0.0019274,0.0019274
13,24.2336,1.54975,1.86862,1.70655,0.39156,0.39174,0.30804,0.10277,2.38905,2.22508,3.05637,0.0019208,0.0019208,0.0019208
14,26.1238,1.45271,1.79123,1.65115,0.50319,0.30435,0.27903,0.11002,1.71263,2.67067,2.11374,0.0019142,0.0019142,0.0019142
15,27.9688,1.41686,1.73719,1.64272,0.59537,0.56522,0.61459,0.2748,1.71472,2.24304,2.15159,0.0019076,0.0019076,0.0019076
16,29.7833,1.3702,1.67919,1.59133,0.66044,0.67696,0.66442,0.37907,1.46414,2.60641,1.80938,0.001901,0.001901,0.001901
17,31.6071,1.38141,1.67146,1.59014,0.58149,0.52174,0.62677,0.26448,1.92289,2.37202,2.15849,0.0018944,0.0018944,0.0018944
18,33.4283,1.38611,1.64253,1.61121,0.6849,0.65217,0.68296,0.39442,1.54415,1.65833,2.01681,0.0018878,0.0018878,0.0018878
19,35.2236,1.29337,1.59771,1.55002,0.90439,0.82269,0.83554,0.51486,1.54747,1.35542,1.84153,0.0018812,0.0018812,0.0018812
20,37.0284,1.28736,1.52856,1.53353,0.68234,0.65217,0.70203,0.37499,1.67096,1.58164,2.01544,0.0018746,0.0018746,0.0018746
21,38.8509,1.25226,1.47463,1.52093,0.73781,0.47826,0.66062,0.38683,1.43321,1.54575,1.64697,0.001868,0.001868,0.001868
22,40.6943,1.24349,1.42085,1.51164,0.56021,0.6087,0.56529,0.31827,1.70336,2.61151,2.09551,0.0018614,0.0018614,0.0018614
23,42.5319,1.226,1.43171,1.50241,0.79318,0.56522,0.69284,0.30465,1.92154,1.60301,2.20999,0.0018548,0.0018548,0.0018548
24,44.4228,1.27696,1.43003,1.54246,0.68042,0.83332,0.85794,0.49167,1.44525,1.18694,1.85663,0.0018482,0.0018482,0.0018482
25,46.3016,1.22485,1.40549,1.48574,0.69332,0.78261,0.84846,0.45138,1.46088,1.27359,1.71475,0.0018416,0.0018416,0.0018416
26,48.107,1.21663,1.40791,1.48492,0.54104,0.73913,0.69122,0.32229,1.39468,1.72053,1.75501,0.001835,0.001835,0.001835
27,49.9343,1.20814,1.40758,1.46292,0.68592,0.65217,0.7031,0.38988,1.59074,1.45505,2.01551,0.0018284,0.0018284,0.0018284
28,51.7883,1.20344,1.45152,1.47806,0.69761,0.69565,0.72862,0.35473,1.69301,1.50567,2.02873,0.0018218,0.0018218,0.0018218
29,53.6116,1.13585,1.28151,1.42548,0.61109,0.73913,0.749,0.48967,1.37297,1.43817,1.63823,0.0018152,0.0018152,0.0018152
30,55.4486,1.12378,1.24336,1.3879,0.71877,0.91304,0.89591,0.59221,1.06878,1.13079,1.43139,0.0018086,0.0018086,0.0018086
31,57.2672,1.12137,1.25485,1.41404,0.69193,0.82609,0.80326,0.42367,1.40046,1.22546,1.77218,0.001802,0.001802,0.001802
32,59.1294,1.21423,1.35232,1.46576,0.42184,0.63476,0.46029,0.18549,1.94279,1.96817,2.12987,0.0017954,0.0017954,0.0017954
33,60.9454,1.1677,1.25386,1.45211,0.5265,0.82609,0.76778,0.40092,1.48224,1.45251,1.84693,0.0017888,0.0017888,0.0017888
34,62.8641,1.08621,1.26441,1.37884,0.75282,0.6087,0.69041,0.39445,1.49391,1.55864,1.80063,0.0017822,0.0017822,0.0017822
35,64.6843,1.13285,1.22367,1.39973,0.82382,0.65217,0.78196,0.5081,1.25798,1.38739,1.59815,0.0017756,0.0017756,0.0017756
36,66.4762,1.11266,1.17694,1.39528,0.65365,0.82609,0.812,0.50945,1.19466,1.05499,1.56083,0.001769,0.001769,0.001769
37,68.2975,1.13238,1.18053,1.41231,0.67514,0.73913,0.76215,0.49898,1.38523,1.1586,1.62529,0.0017624,0.0017624,0.0017624
38,70.1593,1.12802,1.20929,1.41595,0.79191,0.99297,0.92975,0.50449,1.34785,1.12054,1.56108,0.0017558,0.0017558,0.0017558
39,72.0082,1.08203,1.20447,1.36938,0.79143,0.99015,0.86732,0.59344,1.17776,1.06931,1.43927,0.0017492,0.0017492,0.0017492
40,73.8773,1.08903,1.18969,1.38262,0.76607,0.85468,0.88243,0.62426,1.21537,1.01545,1.50482,0.0017426,0.0017426,0.0017426
41,75.6689,1.06785,1.14264,1.37468,0.85585,0.82609,0.93577,0.63193,0.99854,0.93234,1.36844,0.001736,0.001736,0.001736
42,77.5844,0.98209,1.03594,1.29296,0.92665,0.78261,0.90662,0.59421,1.35055,0.96385,1.73189,0.0017294,0.0017294,0.0017294
43,79.4066,1.06878,1.16594,1.36638,0.76783,0.6087,0.75337,0.46994,1.51465,1.19999,1.90168,0.0017228,0.0017228,0.0017228
44,81.1896,1.0754,1.14342,1.33764,0.77593,0.95652,0.92463,0.61856,1.05637,1.04347,1.50186,0.0017162,0.0017162,0.0017162
45,82.976,0.99229,1.09499,1.3091,0.74619,0.78261,0.80036,0.50463,1.26839,1.43597,1.63442,0.0017096,0.0017096,0.0017096
46,84.7583,0.9952,1.06331,1.31921,0.70208,0.81988,0.77789,0.52104,1.40633,1.08364,1.79384,0.001703,0.001703,0.001703
47,86.5524,0.97793,1.06899,1.31221,0.77218,0.88458,0.89826,0.57463,1.09814,1.00795,1.4817,0.0016964,0.0016964,0.0016964
48,88.3401,0.96631,1.11601,1.32119,0.9933,0.91304,0.95908,0.65509,1.2083,0.82292,1.52554,0.0016898,0.0016898,0.0016898
49,90.1348,1.0621,1.13541,1.38314,0.91215,0.90321,0.95422,0.62224,1.11621,0.8826,1.39119,0.0016832,0.0016832,0.0016832
50,91.916,0.97237,1.05671,1.30754,0.89823,0.95652,0.95065,0.64845,0.98187,0.98006,1.36665,0.0016766,0.0016766,0.0016766
51,93.6887,0.9529,1.0299,1.27382,0.7555,1,0.91361,0.62783,1.08222,0.913,1.46709,0.00167,0.00167,0.00167
52,95.4718,0.98514,1.0324,1.31136,0.85096,0.91304,0.9457,0.59547,1.09569,0.94259,1.44229,0.0016634,0.0016634,0.0016634
53,97.255,0.98021,1.02122,1.27137,0.87458,0.95652,0.9666,0.58419,1.11938,1.03372,1.422,0.0016568,0.0016568,0.0016568
54,99.1381,0.94871,1.02734,1.27015,0.54514,0.86957,0.73642,0.56582,1.11979,1.15128,1.52384,0.0016502,0.0016502,0.0016502
55,100.907,0.92723,1.04326,1.28301,0.85167,0.91304,0.94234,0.63777,1.11401,0.88216,1.56279,0.0016436,0.0016436,0.0016436
56,102.686,0.96558,1.05512,1.29314,0.89795,0.82609,0.91741,0.52623,1.57006,0.99183,1.75364,0.001637,0.001637,0.001637
57,104.473,0.94343,1.01422,1.26588,0.68303,0.82609,0.76439,0.43329,1.66074,1.29195,1.8566,0.0016304,0.0016304,0.0016304
58,106.256,0.91603,0.97123,1.26105,0.74652,0.91304,0.92209,0.6566,1.0121,0.93161,1.3872,0.0016238,0.0016238,0.0016238
59,108.044,0.94259,1.00051,1.26376,0.97289,1,0.995,0.70547,0.95348,0.7751,1.38668,0.0016172,0.0016172,0.0016172
60,109.832,0.95102,0.99143,1.29725,0.83853,1,0.95341,0.73563,0.83771,0.76891,1.2913,0.0016106,0.0016106,0.0016106
61,111.66,0.90327,0.95996,1.23147,0.95087,0.84196,0.96611,0.66982,1.09357,0.91841,1.53104,0.001604,0.001604,0.001604
62,113.505,0.95288,1.0142,1.2967,0.85884,0.91304,0.89216,0.62104,1.1453,0.87551,1.49756,0.0015974,0.0015974,0.0015974
63,115.293,0.88849,0.97838,1.2629,0.87669,1,0.96091,0.68192,0.98491,0.80402,1.36663,0.0015908,0.0015908,0.0015908
64,117.078,0.89926,0.96742,1.24655,1,0.98917,0.995,0.65851,1.06056,0.77036,1.41037,0.0015842,0.0015842,0.0015842
65,118.864,0.9267,0.92844,1.23089,0.84853,1,0.98165,0.7912,0.86757,0.67908,1.28644,0.0015776,0.0015776,0.0015776
66,120.684,0.93698,0.9973,1.26349,0.94996,0.82541,0.93969,0.7173,0.93485,0.75458,1.28842,0.001571,0.001571,0.001571
67,122.472,0.84281,0.86959,1.19803,0.86069,0.95652,0.96399,0.68624,0.91208,0.79773,1.27937,0.0015644,0.0015644,0.0015644
68,124.275,0.88067,0.92921,1.2432,0.88544,1,0.98633,0.63948,1.10589,0.74679,1.46143,0.0015578,0.0015578,0.0015578
69,126.076,0.94424,0.98783,1.28443,0.95728,0.91304,0.98306,0.69547,0.96706,0.75333,1.41256,0.0015512,0.0015512,0.0015512
70,127.866,0.85924,0.8937,1.23654,0.90951,0.95652,0.95042,0.67501,1.07041,0.78334,1.4884,0.0015446,0.0015446,0.0015446
71,129.659,0.8699,0.97935,1.23026,0.97081,0.91304,0.98393,0.65411,1.15407,0.81474,1.47976,0.001538,0.001538,0.001538
72,131.464,0.89079,0.96669,1.26104,0.95818,0.99643,0.99167,0.76076,0.84459,0.67126,1.15102,0.0015314,0.0015314,0.0015314
73,133.243,0.85655,0.8734,1.21915,0.9444,1,0.99333,0.78124,0.84597,0.78931,1.21178,0.0015248,0.0015248,0.0015248
74,135.137,0.90062,0.96469,1.24794,0.81833,1,0.94863,0.70981,0.98863,0.74485,1.36292,0.0015182,0.0015182,0.0015182
75,136.905,0.84836,0.92174,1.24738,0.954,0.90209,0.9541,0.70024,1.03071,0.76583,1.45309,0.0015116,0.0015116,0.0015116
76,138.686,0.87843,0.92707,1.23345,0.79241,1,0.94092,0.64412,1.0695,0.91328,1.35392,0.001505,0.001505,0.001505
77,140.475,0.88095,0.92264,1.23071,0.87237,1,0.94598,0.56979,1.22363,0.86276,1.536,0.0014984,0.0014984,0.0014984
78,142.265,0.88464,0.88827,1.26729,0.86773,0.91304,0.91931,0.60825,1.27986,0.86609,1.64143,0.0014918,0.0014918,0.0014918
79,144.049,0.86395,0.88539,1.22859,0.95829,1,0.995,0.67653,1.00185,0.75994,1.47278,0.0014852,0.0014852,0.0014852
80,145.872,0.82599,0.85062,1.1989,0.88307,0.98544,0.94938,0.61368,0.97998,0.78219,1.44206,0.0014786,0.0014786,0.0014786
81,147.652,0.78867,0.80486,1.17723,0.95829,0.99896,0.98625,0.62897,0.9807,0.77999,1.42995,0.001472,0.001472,0.001472
82,149.459,0.8938,0.91813,1.23269,0.83703,0.89364,0.92121,0.63156,1.02803,0.7928,1.41849,0.0014654,0.0014654,0.0014654
83,151.264,0.82492,0.84021,1.18145,0.88979,0.91304,0.94796,0.61046,0.96532,0.8715,1.38713,0.0014588,0.0014588,0.0014588
84,153.044,0.86004,0.90498,1.22048,0.95292,0.95652,0.98865,0.69382,0.97424,0.72524,1.41283,0.0014522,0.0014522,0.0014522
85,154.845,0.79407,0.81103,1.15248,0.92739,0.95652,0.98342,0.73592,0.88948,0.62879,1.48737,0.0014456,0.0014456,0.0014456
86,156.639,0.79219,0.81681,1.18917,0.90991,0.95652,0.98394,0.67434,0.97078,0.67877,1.45749,0.001439,0.001439,0.001439
87,158.431,0.86709,0.87504,1.21965,0.91647,0.95416,0.96789,0.66209,1.01054,0.75873,1.42405,0.0014324,0.0014324,0.0014324
88,160.223,0.8196,0.8352,1.19516,0.90729,0.95652,0.97983,0.73397,0.89905,0.67401,1.26522,0.0014258,0.0014258,0.0014258
89,162.012,0.8604,0.8619,1.23013,0.91558,0.95652,0.97538,0.75612,0.79113,0.64892,1.18695,0.0014192,0.0014192,0.0014192
90,163.803,0.80926,0.83065,1.16713,1,0.91066,0.98294,0.76161,0.82238,0.62078,1.25046,0.0014126,0.0014126,0.0014126
91,165.586,0.84335,0.82665,1.24072,0.99351,0.95652,0.99333,0.77098,0.89486,0.5953,1.26478,0.001406,0.001406,0.001406
92,167.373,0.83875,0.85669,1.20768,0.98042,0.95652,0.98288,0.68342,1.03114,0.72109,1.29225,0.0013994,0.0013994,0.0013994
93,169.166,0.77938,0.85173,1.16658,0.88429,0.99692,0.96932,0.72264,0.9317,0.70091,1.27406,0.0013928,0.0013928,0.0013928
94,170.962,0.80755,0.8046,1.18531,0.99506,0.95652,0.99333,0.7498,0.9029,0.61165,1.27121,0.0013862,0.0013862,0.0013862
95,172.748,0.78079,0.75809,1.16221,0.95798,1,0.99333,0.77562,0.80624,0.60075,1.24523,0.0013796,0.0013796,0.0013796
96,174.649,0.79541,0.78595,1.1971,0.9082,0.91304,0.96108,0.72156,0.83751,0.70709,1.21167,0.001373,0.001373,0.001373
97,176.44,0.78154,0.78942,1.16432,0.95772,0.98527,0.98625,0.68445,1.00786,0.71755,1.21514,0.0013664,0.0013664,0.0013664
98,178.27,0.80982,0.805,1.18477,0.91908,0.98796,0.9886,0.76047,0.89604,0.61146,1.1528,0.0013598,0.0013598,0.0013598
99,180.073,0.75798,0.76272,1.14979,0.98011,0.95652,0.99038,0.79208,0.77275,0.58039,1.11902,0.0013532,0.0013532,0.0013532
100,181.872,0.77013,0.78255,1.15547,0.86593,0.95652,0.94318,0.71038,0.90986,0.71809,1.24783,0.0013466,0.0013466,0.0013466
101,183.657,0.75154,0.78015,1.13586,0.8444,0.9441,0.96763,0.70261,0.89329,0.72901,1.27236,0.00134,0.00134,0.00134
102,185.445,0.75689,0.73367,1.164,0.91079,1,0.98633,0.68715,0.89438,0.6425,1.22831,0.0013334,0.0013334,0.0013334
103,187.244,0.74225,0.75361,1.17628,0.93412,0.86957,0.94045,0.66235,0.96304,0.72754,1.28765,0.0013268,0.0013268,0.0013268
104,189.031,0.77042,0.76489,1.17479,0.75826,0.95469,0.87552,0.64884,0.89226,0.81449,1.27331,0.0013202,0.0013202,0.0013202
105,190.817,0.73956,0.74209,1.14448,0.90986,0.91304,0.94522,0.73576,0.86645,0.74565,1.25131,0.0013136,0.0013136,0.0013136
106,192.611,0.74798,0.80072,1.156,0.86756,0.82609,0.88677,0.6237,1.09884,0.78465,1.401,0.001307,0.001307,0.001307
107,194.399,0.79139,0.7862,1.18647,0.93527,0.86957,0.94263,0.69768,0.85006,0.71031,1.19446,0.0013004,0.0013004,0.0013004
108,196.191,0.69817,0.73289,1.12472,0.94035,0.91304,0.97208,0.71357,0.86754,0.72584,1.16288,0.0012938,0.0012938,0.0012938
109,197.98,0.74162,0.75108,1.15487,0.9465,1,0.98625,0.73684,0.8545,0.73482,1.21741,0.0012872,0.0012872,0.0012872
110,199.783,0.70295,0.70928,1.11177,0.92752,0.86957,0.96839,0.71795,0.87756,0.71071,1.22017,0.0012806,0.0012806,0.0012806
111,201.57,0.73234,0.77173,1.14291,0.94645,0.86957,0.9549,0.75108,0.85333,0.69048,1.20814,0.001274,0.001274,0.001274
112,203.362,0.73829,0.74253,1.15406,0.98161,0.91304,0.97003,0.77902,0.82006,0.60281,1.19294,0.0012674,0.0012674,0.0012674
113,205.169,0.74915,0.71843,1.16465,0.95645,0.9549,0.98082,0.77343,0.82171,0.57499,1.17913,0.0012608,0.0012608,0.0012608
114,206.976,0.68789,0.70697,1.10797,0.93235,0.86957,0.96012,0.71208,0.92307,0.7399,1.28233,0.0012542,0.0012542,0.0012542
115,208.783,0.76554,0.73003,1.15858,0.86146,0.91304,0.96387,0.7304,0.90399,0.65332,1.38481,0.0012476,0.0012476,0.0012476
116,210.719,0.71687,0.68302,1.11471,0.98391,0.95652,0.9918,0.7424,0.87865,0.64673,1.2121,0.001241,0.001241,0.001241
117,212.616,0.74502,0.72268,1.13869,0.94295,0.95652,0.96977,0.69499,0.94313,0.69159,1.31015,0.0012344,0.0012344,0.0012344
118,214.423,0.73678,0.73008,1.14173,0.91163,0.89745,0.9624,0.70204,0.9728,0.79027,1.31904,0.0012278,0.0012278,0.0012278
119,216.231,0.73322,0.70757,1.13577,0.82679,0.91304,0.94118,0.66743,1.03978,0.72795,1.40128,0.0012212,0.0012212,0.0012212
120,218.041,0.66003,0.67717,1.09884,0.87443,0.95652,0.95765,0.71177,0.85907,0.82123,1.30033,0.0012146,0.0012146,0.0012146
121,219.85,0.73416,0.69094,1.14003,0.956,0.94511,0.96268,0.75104,0.80996,0.68723,1.25298,0.001208,0.001208,0.001208
122,221.667,0.71758,0.71431,1.14988,0.94995,0.95652,0.99006,0.76747,0.76437,0.59534,1.23293,0.0012014,0.0012014,0.0012014
123,223.511,0.68625,0.68772,1.10782,1,0.99133,0.995,0.78606,0.76909,0.58937,1.19781,0.0011948,0.0011948,0.0011948
124,225.367,0.7423,0.69598,1.13116,0.95391,0.90037,0.96532,0.76879,0.79076,0.63221,1.20621,0.0011882,0.0011882,0.0011882
125,227.215,0.69768,0.67471,1.12355,0.87079,0.91304,0.93384,0.74578,0.80275,0.65776,1.219,0.0011816,0.0011816,0.0011816
126,229.071,0.70905,0.69053,1.11625,0.90651,0.95652,0.97436,0.74443,0.81775,0.62441,1.20141,0.001175,0.001175,0.001175
127,230.924,0.72473,0.68452,1.12373,0.94055,0.95652,0.98342,0.73011,0.83711,0.62579,1.22606,0.0011684,0.0011684,0.0011684
128,232.781,0.6885,0.66681,1.10576,0.95628,0.95122,0.97481,0.78472,0.78965,0.60274,1.12296,0.0011618,0.0011618,0.0011618
129,234.623,0.67819,0.69045,1.08383,0.91276,0.95652,0.9793,0.80556,0.80727,0.58023,1.17334,0.0011552,0.0011552,0.0011552
130,236.468,0.67823,0.67455,1.0924,0.89958,0.95652,0.98036,0.78278,0.79005,0.62469,1.15778,0.0011486,0.0011486,0.0011486
131,238.264,0.64913,0.65713,1.08319,0.89373,0.95652,0.96993,0.77796,0.81556,0.56457,1.13684,0.001142,0.001142,0.001142
132,240.067,0.6492,0.63706,1.11268,0.88241,0.95652,0.98082,0.77992,0.78164,0.64266,1.13082,0.0011354,0.0011354,0.0011354
133,241.868,0.70961,0.69386,1.16003,0.86785,0.91304,0.93318,0.71721,0.82699,0.73032,1.15654,0.0011288,0.0011288,0.0011288
134,243.703,0.73439,0.72032,1.12814,0.9351,0.95652,0.97436,0.7934,0.78166,0.593,1.16581,0.0011222,0.0011222,0.0011222
135,245.549,0.64006,0.64754,1.08735,0.958,0.9921,0.99167,0.78913,0.72737,0.55963,1.12314,0.0011156,0.0011156,0.0011156
136,247.401,0.68105,0.65164,1.09941,0.87836,1,0.98142,0.77415,0.82346,0.57939,1.16626,0.001109,0.001109,0.001109
137,249.204,0.65429,0.688,1.08529,0.91072,0.95652,0.95614,0.73904,0.90863,0.60764,1.24653,0.0011024,0.0011024,0.0011024
138,251.092,0.69184,0.64299,1.10358,0.91603,1,0.99006,0.79522,0.75858,0.53905,1.14557,0.0010958,0.0010958,0.0010958
139,252.875,0.65872,0.64106,1.09267,0.95805,0.99326,0.9825,0.81509,0.76099,0.54499,1.16706,0.0010892,0.0010892,0.0010892
140,254.674,0.67427,0.65537,1.08889,0.87851,1,0.96386,0.76355,0.77508,0.5669,1.13974,0.0010826,0.0010826,0.0010826
141,256.455,0.6488,0.66445,1.08966,1,0.95131,0.995,0.82062,0.73689,0.51909,1.09652,0.001076,0.001076,0.001076
142,258.26,0.64125,0.62009,1.09899,0.99417,1,0.995,0.79981,0.73608,0.51607,1.09541,0.0010694,0.0010694,0.0010694
143,260.061,0.6878,0.73825,1.10784,0.94263,0.95652,0.98082,0.80554,0.71739,0.53965,1.11161,0.0010628,0.0010628,0.0010628
144,261.863,0.65201,0.65162,1.09965,1,0.98811,0.995,0.81881,0.7499,0.48713,1.14528,0.0010562,0.0010562,0.0010562
145,263.66,0.61588,0.601,1.06615,1,0.9796,0.995,0.81463,0.73944,0.52276,1.1191,0.0010496,0.0010496,0.0010496
146,265.453,0.67265,0.62723,1.10426,0.95815,0.99559,0.99333,0.80301,0.70891,0.52234,1.11576,0.001043,0.001043,0.001043
147,267.244,0.62645,0.59787,1.06939,0.95285,0.95652,0.99038,0.82883,0.69006,0.54352,1.12192,0.0010364,0.0010364,0.0010364
148,269.07,0.63462,0.6256,1.08097,0.87138,0.91304,0.97085,0.79914,0.69649,0.67504,1.13422,0.0010298,0.0010298,0.0010298
149,270.859,0.62335,0.58649,1.06646,0.94735,0.78226,0.95056,0.77085,0.74259,0.69086,1.17663,0.0010232,0.0010232,0.0010232
150,272.653,0.67053,0.62996,1.10221,0.90422,0.91304,0.95127,0.76973,0.75861,0.60453,1.15656,0.0010166,0.0010166,0.0010166
151,274.431,0.62837,0.6044,1.06166,1,0.98666,0.995,0.7682,0.8347,0.52232,1.24182,0.00101,0.00101,0.00101
152,276.215,0.61115,0.60421,1.076,0.95332,1,0.99333,0.76301,0.9221,0.5734,1.2586,0.0010034,0.0010034,0.0010034
153,278.034,0.60794,0.60554,1.07531,1,0.9492,0.98375,0.77805,0.81648,0.59047,1.16577,0.0009968,0.0009968,0.0009968
154,279.836,0.63694,0.63003,1.07758,0.95364,1,0.99167,0.78838,0.77191,0.51181,1.14905,0.0009902,0.0009902,0.0009902
155,281.618,0.59631,0.63552,1.08542,1,0.9867,0.995,0.73066,0.90836,0.52483,1.21014,0.0009836,0.0009836,0.0009836
156,283.43,0.63108,0.61136,1.08165,1,0.98238,0.995,0.77275,0.83951,0.55135,1.15724,0.000977,0.000977,0.000977
157,285.342,0.6251,0.64264,1.08329,0.95594,1,0.99333,0.75666,0.81227,0.52415,1.23647,0.0009704,0.0009704,0.0009704
158,287.121,0.64488,0.61949,1.07518,0.95716,0.97178,0.99333,0.79709,0.78539,0.46905,1.21057,0.0009638,0.0009638,0.0009638
159,288.899,0.57541,0.55785,1.0423,0.95644,1,0.995,0.78212,0.79186,0.5087,1.22934,0.0009572,0.0009572,0.0009572
160,290.687,0.61251,0.61469,1.07713,0.99555,0.95652,0.9918,0.78527,0.76041,0.50451,1.19336,0.0009506,0.0009506,0.0009506
161,292.487,0.56936,0.57207,1.04864,0.9582,0.99676,0.99167,0.81285,0.69438,0.48159,1.10848,0.000944,0.000944,0.000944
162,294.279,0.55113,0.54822,1.02866,0.91537,0.94102,0.94491,0.77517,0.71629,0.49015,1.10988,0.0009374,0.0009374,0.0009374
163,296.062,0.6207,0.57591,1.06153,0.94796,1,0.98417,0.81654,0.71611,0.46517,1.09395,0.0009308,0.0009308,0.0009308
164,297.903,0.56244,0.55788,1.05152,0.99176,1,0.995,0.85881,0.69326,0.45585,1.07215,0.0009242,0.0009242,0.0009242
165,299.73,0.60479,0.58434,1.07726,0.95828,0.99881,0.99333,0.84992,0.68265,0.56255,1.07264,0.0009176,0.0009176,0.0009176
166,301.528,0.58941,0.57992,1.06157,0.95245,1,0.99167,0.84391,0.695,0.51532,1.09584,0.000911,0.000911,0.000911
167,303.464,0.59105,0.59036,1.07314,0.98908,1,0.995,0.83563,0.69446,0.54577,1.11631,0.0009044,0.0009044,0.0009044
168,305.246,0.61284,0.55912,1.08612,0.99147,1,0.995,0.81118,0.76924,0.53187,1.15071,0.0008978,0.0008978,0.0008978
169,307.025,0.59313,0.57887,1.07026,0.99798,1,0.995,0.79304,0.77141,0.5105,1.13858,0.0008912,0.0008912,0.0008912
170,308.837,0.58175,0.56444,1.05556,0.99705,1,0.995,0.79984,0.75152,0.50687,1.12104,0.0008846,0.0008846,0.0008846
171,310.643,0.58668,0.54755,1.07125,0.99602,1,0.995,0.8248,0.79808,0.48035,1.11525,0.000878,0.000878,0.000878
172,312.492,0.60284,0.58472,1.07669,0.99531,1,0.995,0.77403,0.86236,0.51332,1.17417,0.0008714,0.0008714,0.0008714
173,314.326,0.59266,0.58495,1.06717,0.93549,1,0.995,0.78486,0.8265,0.54127,1.1845,0.0008648,0.0008648,0.0008648
174,316.128,0.62029,0.57412,1.07209,0.95832,0.99963,0.98958,0.76729,0.81333,0.59115,1.19579,0.0008582,0.0008582,0.0008582
175,317.943,0.60838,0.61281,1.07524,0.99617,1,0.995,0.77845,0.78318,0.57703,1.1651,0.0008516,0.0008516,0.0008516
176,319.771,0.60589,0.59586,1.07431,0.99233,1,0.995,0.81226,0.76765,0.53476,1.16992,0.000845,0.000845,0.000845
177,321.571,0.60453,0.60148,1.06444,0.95753,1,0.995,0.82974,0.74179,0.49085,1.14913,0.0008384,0.0008384,0.0008384
178,323.492,0.60634,0.57581,1.08099,0.98445,1,0.995,0.8216,0.77059,0.54869,1.16014,0.0008318,0.0008318,0.0008318
179,325.296,0.5831,0.55943,1.04453,0.9946,1,0.995,0.82317,0.75152,0.51104,1.1629,0.0008252,0.0008252,0.0008252
180,327.095,0.54896,0.56615,1.04757,0.95625,1,0.995,0.79281,0.79931,0.50029,1.173,0.0008186,0.0008186,0.0008186
181,328.893,0.61061,0.5965,1.0653,0.99341,1,0.995,0.7797,0.86699,0.53321,1.24213,0.000812,0.000812,0.000812
182,330.71,0.56407,0.54068,1.06233,0.98987,1,0.995,0.78543,0.8859,0.56263,1.24646,0.0008054,0.0008054,0.0008054
183,332.513,0.58337,0.55001,1.04699,0.99187,1,0.995,0.80468,0.83727,0.53715,1.23042,0.0007988,0.0007988,0.0007988
184,334.318,0.57613,0.56099,1.04409,0.95269,1,0.98792,0.82814,0.77144,0.51105,1.20255,0.0007922,0.0007922,0.0007922
185,336.128,0.56685,0.54454,1.04867,0.99808,1,0.995,0.81167,0.79138,0.49693,1.18829,0.0007856,0.0007856,0.0007856
186,337.952,0.54875,0.52691,1.04775,1,0.98804,0.995,0.81034,0.7898,0.51546,1.17495,0.000779,0.000779,0.000779
187,339.75,0.57237,0.5983,1.05323,0.99547,1,0.995,0.81489,0.77258,0.4845,1.15139,0.0007724,0.0007724,0.0007724
188,341.57,0.5806,0.58053,1.03256,0.9971,1,0.995,0.83291,0.73685,0.43833,1.10148,0.0007658,0.0007658,0.0007658
189,343.364,0.59083,0.5499,1.06073,0.99686,1,0.995,0.839,0.69874,0.44873,1.04965,0.0007592,0.0007592,0.0007592
190,345.192,0.59259,0.56826,1.06437,1,0.99911,0.995,0.82257,0.71093,0.48691,1.0451,0.0007526,0.0007526,0.0007526
191,346.997,0.5514,0.54391,1.05307,0.95522,1,0.98792,0.83798,0.70796,0.45252,1.06189,0.000746,0.000746,0.000746
192,348.793,0.57491,0.5433,1.05524,0.99615,1,0.995,0.79643,0.7818,0.51643,1.16941,0.0007394,0.0007394,0.0007394
193,350.582,0.53903,0.55886,1.03526,0.95377,1,0.99167,0.81763,0.70513,0.51172,1.08142,0.0007328,0.0007328,0.0007328
194,352.382,0.52265,0.49345,1.00966,0.95249,1,0.99167,0.85183,0.615,0.44836,1.04956,0.0007262,0.0007262,0.0007262
195,354.168,0.55704,0.52072,1.03296,0.97013,1,0.995,0.85234,0.62459,0.43776,1.0497,0.0007196,0.0007196,0.0007196
196,355.965,0.50358,0.5166,1.0214,0.91648,1,0.9846,0.85611,0.67912,0.46605,1.10099,0.000713,0.000713,0.000713
197,357.75,0.53797,0.54561,1.03252,0.95447,1,0.99167,0.84234,0.69489,0.48273,1.10285,0.0007064,0.0007064,0.0007064
198,359.545,0.57807,0.51621,1.04862,0.95147,1,0.99333,0.83834,0.74591,0.47004,1.14525,0.0006998,0.0006998,0.0006998
199,361.324,0.55528,0.54338,1.05603,0.98231,1,0.995,0.81629,0.72639,0.46549,1.14874,0.0006932,0.0006932,0.0006932
200,363.117,0.54118,0.52343,1.02039,0.99687,1,0.995,0.82881,0.68611,0.42598,1.10693,0.0006866,0.0006866,0.0006866
201,365,0.56577,0.56096,1.05896,0.99853,1,0.995,0.84052,0.65754,0.40576,1.05782,0.00068,0.00068,0.00068
202,366.795,0.55471,0.55342,1.04336,0.9576,0.98229,0.99167,0.793,0.73388,0.45188,1.10462,0.0006734,0.0006734,0.0006734
203,368.586,0.54569,0.54542,1.02509,0.95624,0.95036,0.98865,0.76337,0.80166,0.48785,1.16125,0.0006668,0.0006668,0.0006668
204,370.379,0.49131,0.48834,1.00327,0.91693,1,0.99006,0.80286,0.75188,0.48054,1.12979,0.0006602,0.0006602,0.0006602
205,372.155,0.51584,0.51617,1.02644,0.9905,1,0.995,0.82153,0.73951,0.48077,1.09153,0.0006536,0.0006536,0.0006536
206,373.947,0.55441,0.5549,1.05127,0.99699,1,0.995,0.86183,0.68442,0.41205,1.06751,0.000647,0.000647,0.000647
207,375.74,0.52854,0.52596,1.02898,0.9956,1,0.995,0.84271,0.70299,0.43423,1.08655,0.0006404,0.0006404,0.0006404
208,377.575,0.57756,0.56092,1.05705,0.99507,1,0.995,0.84707,0.68113,0.45375,1.08315,0.0006338,0.0006338,0.0006338
209,379.392,0.52942,0.50975,1.03853,0.99707,1,0.995,0.86091,0.64671,0.44441,1.06851,0.0006272,0.0006272,0.0006272
210,381.182,0.53221,0.51024,1.04318,0.99293,1,0.995,0.87394,0.62317,0.40971,1.0481,0.0006206,0.0006206,0.0006206
211,382.965,0.52963,0.5165,1.0308,0.97738,1,0.995,0.84493,0.6499,0.43142,1.0602,0.000614,0.000614,0.000614
212,384.757,0.52912,0.50109,1.02953,0.98449,1,0.995,0.83928,0.67837,0.44017,1.10209,0.0006074,0.0006074,0.0006074
213,386.556,0.51753,0.51009,1.02032,0.99562,1,0.995,0.82363,0.68966,0.4297,1.11531,0.0006008,0.0006008,0.0006008
214,388.337,0.49292,0.46334,1.02017,0.99711,1,0.995,0.83969,0.72131,0.43633,1.11253,0.0005942,0.0005942,0.0005942
215,390.123,0.52889,0.50909,1.0109,0.99705,1,0.995,0.82159,0.77508,0.45923,1.10445,0.0005876,0.0005876,0.0005876
216,391.923,0.53883,0.50762,1.02346,0.99387,1,0.995,0.81881,0.76799,0.44402,1.1144,0.000581,0.000581,0.000581
217,393.715,0.50797,0.45947,1.02299,0.95551,1,0.98792,0.82216,0.71433,0.44231,1.10509,0.0005744,0.0005744,0.0005744
218,395.511,0.52625,0.52354,1.03284,0.98386,1,0.995,0.79316,0.7589,0.50149,1.145,0.0005678,0.0005678,0.0005678
219,397.289,0.47374,0.45717,1.00383,0.99713,1,0.995,0.81283,0.67791,0.48038,1.10316,0.0005612,0.0005612,0.0005612
220,399.083,0.50052,0.46475,1.02139,0.99973,1,0.995,0.84766,0.6333,0.40523,1.05288,0.0005546,0.0005546,0.0005546
221,400.965,0.53991,0.51106,1.02405,0.99957,1,0.995,0.84211,0.63446,0.44322,1.05105,0.000548,0.000548,0.000548
222,402.754,0.49349,0.47273,1.00934,0.99809,1,0.995,0.85083,0.65186,0.45417,1.08702,0.0005414,0.0005414,0.0005414
223,404.553,0.50381,0.49106,1.00634,0.99733,1,0.995,0.84575,0.68798,0.45299,1.08963,0.0005348,0.0005348,0.0005348
224,406.35,0.52673,0.51372,1.03413,1,0.99479,0.995,0.83491,0.69278,0.47317,1.0916,0.0005282,0.0005282,0.0005282
225,408.156,0.48301,0.48435,1.00277,0.95824,0.99764,0.99333,0.84005,0.72328,0.51213,1.08905,0.0005216,0.0005216,0.0005216
226,409.991,0.52289,0.52127,1.03749,1,0.99992,0.995,0.83143,0.7453,0.49266,1.11456,0.000515,0.000515,0.000515
227,411.83,0.48887,0.4911,1.02203,0.99776,1,0.995,0.85244,0.70436,0.47782,1.09592,0.0005084,0.0005084,0.0005084
228,413.631,0.47603,0.47786,0.99508,0.99766,1,0.995,0.86069,0.66498,0.44802,1.08017,0.0005018,0.0005018,0.0005018
229,415.448,0.47174,0.47042,0.99851,0.99708,1,0.995,0.85269,0.65236,0.4125,1.06787,0.0004952,0.0004952,0.0004952
230,417.315,0.46918,0.45217,0.99637,0.99727,1,0.995,0.86739,0.63202,0.41203,1.05867,0.0004886,0.0004886,0.0004886
231,419.148,0.51578,0.47873,1.01555,0.99741,1,0.995,0.87759,0.65921,0.40476,1.07892,0.000482,0.000482,0.000482
232,420.973,0.5059,0.48134,1.02343,0.99728,1,0.995,0.83515,0.69788,0.41863,1.08768,0.0004754,0.0004754,0.0004754
233,422.765,0.47595,0.43615,1.01663,0.99716,1,0.995,0.83222,0.66959,0.43852,1.06141,0.0004688,0.0004688,0.0004688
234,424.57,0.49505,0.45458,0.99846,0.997,1,0.995,0.82695,0.70337,0.42367,1.07022,0.0004622,0.0004622,0.0004622
235,426.36,0.46669,0.43445,0.99774,0.99735,1,0.995,0.83822,0.70704,0.40304,1.05349,0.0004556,0.0004556,0.0004556
236,428.208,0.43161,0.43974,0.99243,0.95652,1,0.99333,0.82558,0.76118,0.45563,1.07155,0.000449,0.000449,0.000449
237,430.023,0.46079,0.44459,0.98925,0.95691,1,0.99333,0.8276,0.70755,0.44887,1.06607,0.0004424,0.0004424,0.0004424
238,431.85,0.49946,0.46695,1.00771,0.99688,1,0.995,0.86094,0.67273,0.42737,1.09679,0.0004358,0.0004358,0.0004358
239,433.661,0.49079,0.47325,1.02871,0.99707,1,0.995,0.83419,0.71907,0.43344,1.11105,0.0004292,0.0004292,0.0004292
240,435.487,0.45647,0.44641,0.98618,1,0.9761,0.995,0.85321,0.69775,0.41678,1.09286,0.0004226,0.0004226,0.0004226
241,437.306,0.44621,0.44629,1.00149,0.98597,1,0.995,0.84354,0.69384,0.42084,1.10299,0.000416,0.000416,0.000416
242,439.14,0.42817,0.42141,0.97263,0.96902,1,0.995,0.84152,0.75073,0.46279,1.12732,0.0004094,0.0004094,0.0004094
243,441.07,0.46481,0.45916,1.00582,0.95716,1,0.995,0.84112,0.73779,0.46516,1.11631,0.0004028,0.0004028,0.0004028
244,442.893,0.50373,0.49645,1.01187,0.95335,1,0.99167,0.85202,0.70891,0.45048,1.08743,0.0003962,0.0003962,0.0003962
245,444.735,0.43161,0.41275,0.97389,0.9559,1,0.99167,0.8489,0.68849,0.44236,1.08167,0.0003896,0.0003896,0.0003896
246,446.575,0.45721,0.4394,0.98693,0.98049,1,0.995,0.83477,0.71346,0.44592,1.11936,0.000383,0.000383,0.000383
247,448.471,0.4698,0.45198,0.99679,0.99752,1,0.995,0.83735,0.68669,0.45536,1.09979,0.0003764,0.0003764,0.0003764
248,450.36,0.45513,0.44448,0.98577,0.99754,1,0.995,0.83518,0.66743,0.4018,1.08377,0.0003698,0.0003698,0.0003698
249,452.256,0.44452,0.43495,0.98061,0.99343,1,0.995,0.84056,0.6733,0.39784,1.08826,0.0003632,0.0003632,0.0003632
250,454.12,0.45452,0.4513,0.9955,0.98005,1,0.995,0.86033,0.68182,0.41771,1.09085,0.0003566,0.0003566,0.0003566
251,455.96,0.45177,0.42408,0.98902,0.95811,1,0.995,0.85071,0.66738,0.44859,1.09223,0.00035,0.00035,0.00035
252,457.796,0.47279,0.43929,1.00851,0.95569,1,0.99333,0.84777,0.70045,0.44562,1.12874,0.0003434,0.0003434,0.0003434
253,459.619,0.4195,0.42136,0.99457,0.98376,1,0.995,0.85718,0.69366,0.43206,1.1291,0.0003368,0.0003368,0.0003368
254,461.464,0.42249,0.41613,0.97537,0.99713,1,0.995,0.84715,0.68705,0.40847,1.12129,0.0003302,0.0003302,0.0003302
255,463.27,0.45132,0.44664,1.01172,0.99696,1,0.995,0.8458,0.69431,0.41857,1.12044,0.0003236,0.0003236,0.0003236
256,465.091,0.45548,0.43241,0.99715,0.95687,1,0.995,0.83144,0.70288,0.42737,1.13756,0.000317,0.000317,0.000317
257,466.899,0.45186,0.42682,0.96667,0.96938,1,0.995,0.84006,0.68499,0.43448,1.13161,0.0003104,0.0003104,0.0003104
258,468.741,0.42146,0.43402,0.97985,0.97056,1,0.995,0.84604,0.68865,0.45396,1.12166,0.0003038,0.0003038,0.0003038
259,470.564,0.46373,0.43243,0.99625,0.99713,1,0.995,0.82851,0.67931,0.44671,1.10993,0.0002972,0.0002972,0.0002972
260,472.375,0.42982,0.41645,0.97902,0.99197,1,0.995,0.83335,0.65871,0.43077,1.09014,0.0002906,0.0002906,0.0002906
261,474.184,0.43434,0.42895,0.99299,0.95588,1,0.99333,0.82542,0.67255,0.43033,1.09933,0.000284,0.000284,0.000284
262,475.988,0.44912,0.47811,0.98925,0.98992,1,0.995,0.83864,0.67406,0.42611,1.09096,0.0002774,0.0002774,0.0002774
263,477.965,0.43666,0.4399,0.9906,0.99215,1,0.995,0.85157,0.64306,0.42525,1.07375,0.0002708,0.0002708,0.0002708
264,479.867,0.42717,0.41789,0.98095,0.99056,1,0.995,0.83614,0.64873,0.42631,1.07927,0.0002642,0.0002642,0.0002642
265,481.685,0.4297,0.45231,0.98102,0.99297,1,0.995,0.86487,0.67186,0.424,1.10424,0.0002576,0.0002576,0.0002576
266,483.513,0.43527,0.4457,0.97546,0.98939,1,0.995,0.85946,0.6695,0.41313,1.10652,0.000251,0.000251,0.000251
267,485.313,0.44215,0.41694,0.97947,0.98286,1,0.995,0.8474,0.66563,0.42939,1.10231,0.0002444,0.0002444,0.0002444
268,487.152,0.42534,0.40647,0.96579,0.98205,1,0.995,0.86325,0.67154,0.44714,1.10552,0.0002378,0.0002378,0.0002378
269,488.966,0.40028,0.39863,0.95065,0.97843,1,0.995,0.85213,0.65005,0.44486,1.08647,0.0002312,0.0002312,0.0002312
270,490.762,0.42886,0.43322,0.96738,0.9714,1,0.995,0.83796,0.65599,0.44823,1.07522,0.0002246,0.0002246,0.0002246
271,492.57,0.40385,0.40305,0.97008,0.99678,1,0.995,0.83849,0.64437,0.44727,1.07107,0.000218,0.000218,0.000218
272,494.392,0.40142,0.37231,0.95618,0.99535,1,0.995,0.85311,0.63968,0.4529,1.08807,0.0002114,0.0002114,0.0002114
273,496.193,0.40071,0.38772,0.97136,0.99251,1,0.995,0.87347,0.64233,0.44845,1.08608,0.0002048,0.0002048,0.0002048
274,498.013,0.40348,0.37767,0.95173,0.99135,1,0.995,0.85206,0.66871,0.43357,1.10227,0.0001982,0.0001982,0.0001982
275,499.826,0.4119,0.4234,0.97039,0.99225,1,0.995,0.8539,0.65957,0.42807,1.09208,0.0001916,0.0001916,0.0001916
276,501.654,0.42068,0.41275,0.97921,0.97653,1,0.995,0.85805,0.67076,0.42403,1.08296,0.000185,0.000185,0.000185
277,503.474,0.43295,0.42685,0.98419,0.97297,1,0.995,0.85196,0.67253,0.42652,1.08041,0.0001784,0.0001784,0.0001784
278,505.284,0.41283,0.3961,0.96811,0.9717,1,0.995,0.85348,0.64951,0.4244,1.06567,0.0001718,0.0001718,0.0001718
279,507.108,0.409,0.3875,0.97294,0.97247,1,0.995,0.86608,0.62833,0.41353,1.06024,0.0001652,0.0001652,0.0001652
280,508.942,0.4049,0.40075,0.9705,0.9771,1,0.995,0.86443,0.61288,0.39547,1.04841,0.0001586,0.0001586,0.0001586
281,510.854,0.41076,0.42319,0.97217,0.97274,1,0.995,0.86781,0.63557,0.39357,1.05098,0.000152,0.000152,0.000152
282,512.671,0.40244,0.40528,0.97258,0.97342,1,0.995,0.86079,0.62944,0.39028,1.04899,0.0001454,0.0001454,0.0001454
283,514.484,0.3899,0.37962,0.95921,0.98035,1,0.995,0.85369,0.64238,0.38801,1.05502,0.0001388,0.0001388,0.0001388
284,516.397,0.40593,0.41214,0.96731,0.99373,1,0.995,0.84927,0.66279,0.39573,1.06958,0.0001322,0.0001322,0.0001322
285,518.209,0.39636,0.39124,0.96106,0.99049,1,0.995,0.85837,0.65935,0.39892,1.07148,0.0001256,0.0001256,0.0001256
286,520.028,0.37746,0.38346,0.95941,0.9744,1,0.995,0.87709,0.65762,0.39707,1.06909,0.000119,0.000119,0.000119
287,521.838,0.40754,0.41836,0.97164,0.99242,1,0.995,0.86343,0.65714,0.38913,1.0744,0.0001124,0.0001124,0.0001124
288,523.664,0.37586,0.36873,0.9581,0.99492,1,0.995,0.86355,0.65955,0.37926,1.08466,0.0001058,0.0001058,0.0001058
289,525.471,0.37446,0.34835,0.96043,0.99606,1,0.995,0.86557,0.66363,0.37757,1.08637,9.92e-05,9.92e-05,9.92e-05
290,527.293,0.3785,0.38985,0.94871,0.99618,1,0.995,0.86842,0.67062,0.37942,1.09472,9.26e-05,9.26e-05,9.26e-05
291,529.515,0.29786,0.30637,0.90105,0.99602,1,0.995,0.86427,0.67436,0.38498,1.09274,8.6e-05,8.6e-05,8.6e-05
292,531.328,0.29586,0.28676,0.91043,0.99529,1,0.995,0.85042,0.6531,0.39898,1.07702,7.94e-05,7.94e-05,7.94e-05
293,533.131,0.26599,0.26482,0.87393,0.98156,1,0.995,0.84795,0.65273,0.40196,1.07634,7.28e-05,7.28e-05,7.28e-05
294,534.936,0.28011,0.26435,0.89299,0.97493,1,0.995,0.84726,0.64751,0.38744,1.07661,6.62e-05,6.62e-05,6.62e-05
295,536.718,0.26382,0.24601,0.87727,0.95806,1,0.995,0.86017,0.63924,0.39195,1.06766,5.96e-05,5.96e-05,5.96e-05
296,538.509,0.26433,0.25213,0.87686,0.97835,1,0.995,0.8678,0.63062,0.4112,1.05712,5.3e-05,5.3e-05,5.3e-05
297,540.29,0.27207,0.25663,0.90952,0.98121,1,0.995,0.87617,0.62801,0.4197,1.05883,4.64e-05,4.64e-05,4.64e-05
298,542.096,0.27508,0.25877,0.89296,0.99269,1,0.995,0.87234,0.62922,0.41451,1.06256,3.98e-05,3.98e-05,3.98e-05
299,543.916,0.28015,0.24882,0.89458,0.99352,1,0.995,0.86532,0.63058,0.42268,1.05959,3.32e-05,3.32e-05,3.32e-05
300,545.733,0.2653,0.24297,0.88296,0.98877,1,0.995,0.8655,0.64081,0.42288,1.06506,2.66e-05,2.66e-05,2.66e-05
